us,flow,size
1746361367940709,1,1024
1746361367941077,1,1024
1746361367941161,1,1024
1746361367941219,1,1024
1746361367941268,1,1024
1746361367941314,1,1024
1746361367941358,1,1024
1746361367941408,1,1024
1746361367941460,1,1024
1746361367941503,1,1024
1746361367941546,1,1024
1746361367941584,1,1024
1746361367941630,1,1024
1746361367941671,1,1024
1746361368511831,1,1024
1746361368512553,1,1024
1746361368512872,1,1024
1746361368513111,1,1024
1746361368513338,1,1024
1746361368513533,1,1024
1746361368513663,1,1024
1746361368513792,1,1024
1746361368513909,1,1024
1746361368514027,1,1024
1746361368514140,1,1024
1746361368514248,1,1024
1746361368514371,1,1024
1746361368514469,1,1024
1746361368514564,1,1024
1746361368514663,1,1024
1746361368514757,1,1024
1746361368514854,1,1024
1746361368514944,1,1024
1746361368515035,1,1024
1746361368515129,1,1024
1746361368515222,1,1024
1746361368515312,1,1024
1746361368515472,1,1024
1746361368515860,1,1024
1746361368516203,1,1024
1746361368516358,1,1024
1746361368516486,1,1024
1746361368573490,1,1024
1746361368574082,1,1024
1746361368574247,1,1024
1746361368894149,1,1024
1746361368894974,1,1024
1746361368957002,1,1024
1746361368957949,1,1024
1746361368958293,1,1024
1746361368958514,1,1024
1746361368958657,1,1024
1746361368958832,1,1024
1746361368958993,1,1024
1746361368959154,1,1024
1746361368959309,1,1024
1746361368959461,1,1024
1746361368959612,1,1024
1746361368959786,1,1024
1746361368959955,1,1024
1746361368960075,1,1024
1746361368960175,1,1024
1746361368960281,1,1024
1746361368960382,1,1024
1746361369247267,1,1024
1746361369247987,1,1024
1746361369248310,1,1024
1746361369248666,1,1024
1746361369249072,1,1024
1746361369249387,1,1024
1746361369249608,1,1024
1746361369249786,1,1024
1746361369249921,1,1024
1746361369250044,1,1024
1746361369250209,1,1024
1746361369250342,1,1024
1746361369250537,1,1024
1746361369250842,1,1024
1746361369251051,1,1024
1746361369309312,1,1024
1746361369310041,1,1024
1746361369310341,1,1024
1746361369889938,1,1024
1746361369890635,1,1024
1746361369891007,1,1024
1746361369891359,1,1024
1746361369891722,1,1024
1746361369892009,1,1024
1746361369892495,1,1024
1746361369892741,1,1024
1746361369892912,1,1024
1746361369893059,1,1024
1746361369893187,1,1024
1746361369893319,2,512
1746361369893446,1,1024
1746361369893541,2,512
1746361369893642,1,1024
1746361369893746,2,512
1746361369893842,1,1024
1746361369893936,2,512
1746361369894034,1,1024
1746361369894124,2,512
1746361369894210,1,1024
1746361369894296,2,512
1746361369894382,1,1024
1746361369894472,2,512
1746361369894554,1,1024
1746361369894713,2,512
1746361369894838,1,1024
1746361369894964,2,512
1746361369895081,1,1024
1746361369895199,2,512
1746361369895312,1,1024
1746361369895419,2,512
1746361369895526,1,1024
1746361369895641,2,512
1746361369895744,1,1024
1746361369895835,2,512
1746361369895923,1,1024
1746361369896012,2,512
1746361369896099,1,1024
1746361369896193,2,512
1746361369896287,1,1024
1746361369896376,2,512
1746361369896470,1,1024
1746361369896559,2,512
1746361369896638,1,1024
1746361369896718,2,512
1746361369896807,1,1024
1746361369896891,2,512
1746361369896970,2,512
1746361370065476,2,512
1746361370066161,1,1024
1746361370066566,2,512
1746361370066876,1,1024
1746361370067034,2,512
1746361370067123,1,1024
1746361370067206,2,512
1746361370067285,1,1024
1746361370067363,2,512
1746361370067438,1,1024
1746361370067517,2,512
1746361370067594,1,1024
1746361370067669,2,512
1746361370067744,1,1024
1746361370067817,2,512
1746361370067889,1,1024
1746361370067962,2,512
1746361370068032,1,1024
1746361370068102,2,512
1746361370068174,2,512
1746361370068244,2,512
1746361370068314,2,512
1746361370068385,2,512
1746361370068459,2,512
1746361370068533,2,512
1746361370174050,2,512
1746361370174770,1,1024
1746361370175384,2,512
1746361370175603,1,1024
1746361370175724,2,512
1746361370175817,1,1024
1746361370175900,2,512
1746361370175977,1,1024
1746361370176051,2,512
1746361370176242,1,1024
1746361370176415,2,512
1746361370176551,2,512
1746361370176687,2,512
1746361370176797,2,512
1746361370176893,2,512
1746361370298873,2,512
1746361370299670,1,1024
1746361370300077,2,512
1746361370300364,1,1024
1746361370300602,2,512
1746361370300799,1,1024
1746361370300979,2,512
1746361370301118,2,512
1746361370301227,1,1024
1746361370301337,2,512
1746361370301446,2,512
1746361370301555,2,512
1746361370301657,1,1024
1746361370301782,2,512
1746361370301903,1,1024
1746361370302039,2,512
1746361370302142,1,1024
1746361370302232,2,512
1746361370302330,2,512
1746361370736346,2,512
1746361370736924,1,1024
1746361370737305,2,512
1746361370737576,1,1024
1746361370737831,2,512
1746361370738053,1,1024
1746361370738275,2,512
1746361370738480,1,1024
1746361370738722,2,512
1746361370738906,1,1024
1746361370739148,2,512
1746361370739459,1,1024
1746361370739780,2,512
1746361370739945,1,1024
1746361370740049,2,512
1746361370740150,1,1024
1746361370740285,2,512
1746361370740458,1,1024
1746361370740638,2,512
1746361370740824,1,1024
1746361370740994,2,512
1746361370741275,1,1024
1746361370741408,2,512
1746361370741520,1,1024
1746361370741611,2,512
1746361370741701,1,1024
1746361370741809,2,512
1746361370741937,1,1024
1746361370742116,2,512
1746361370742415,1,1024
1746361370742632,2,512
1746361370742769,1,1024
1746361370742863,2,512
1746361370742982,1,1024
1746361370743136,2,512
1746361370743255,1,1024
1746361370743378,2,512
1746361370743482,1,1024
1746361370743684,2,512
1746361370743866,1,1024
1746361370744035,2,512
1746361370744176,1,1024
1746361370744353,2,512
1746361370744644,1,1024
1746361370745093,2,512
1746361370745355,2,512
1746361370745675,2,512
1746361370745850,2,512
1746361370746002,2,512
1746361370746131,2,512
1746361370746251,2,512
1746361370746357,2,512
1746361370746513,2,512
1746361370746651,2,512
1746361370746890,2,512
1746361370747100,2,512
1746361370747258,2,512
1746361370747395,2,512
1746361370747587,2,512
1746361370747820,2,512
1746361370748036,2,512
1746361370748189,2,512
1746361370748299,2,512
1746361370883281,2,512
1746361370883542,1,1024
1746361370883739,2,512
1746361370883810,1,1024
1746361370883859,2,512
1746361370883897,1,1024
1746361370883979,2,512
1746361370884094,1,1024
1746361370884212,2,512
1746361370884414,1,1024
1746361370884571,2,512
1746361370884613,1,1024
1746361370884647,2,512
1746361370884678,1,1024
1746361370884707,2,512
1746361370884739,2,512
1746361370884770,2,512
1746361370884796,2,512
1746361370884825,2,512
1746361370884852,2,512
1746361371473911,2,512
1746361371474624,1,1024
1746361371475223,2,512
1746361371475640,1,1024
1746361371476087,2,512
1746361371476281,1,1024
1746361371476545,2,512
1746361371476706,1,1024
1746361371476873,2,512
1746361371477046,1,1024
1746361371477227,2,512
1746361371477344,1,1024
1746361371477435,2,512
1746361371477520,1,1024
1746361371477601,2,512
1746361371477708,1,1024
1746361371477820,2,512
1746361371477916,1,1024
1746361371478000,2,512
1746361371478126,1,1024
1746361371478276,2,512
1746361371478394,1,1024
1746361371478611,2,512
1746361371478778,1,1024
1746361371478952,2,512
1746361371479093,1,1024
1746361371479182,2,512
1746361371479258,1,1024
1746361371479385,2,512
1746361371479514,1,1024
1746361371479596,2,512
1746361371479674,1,1024
1746361371479749,2,512
1746361371479819,1,1024
1746361371479910,2,512
1746361371479996,1,1024
1746361371480073,2,512
1746361371480173,1,1024
1746361371480256,2,512
1746361371480337,1,1024
1746361371480410,2,512
1746361371480484,1,1024
1746361371480556,2,512
1746361371480627,1,1024
1746361371480698,2,512
1746361371480767,1,1024
1746361371480836,2,512
1746361371480903,1,1024
1746361371480973,2,512
1746361371481039,1,1024
1746361371481180,2,512
1746361371481282,1,1024
1746361371481377,2,512
1746361371481445,1,1024
1746361371481513,2,512
1746361371481583,1,1024
1746361371481656,2,512
1746361371481747,1,1024
1746361371482092,2,512
1746361371482215,1,1024
1746361371482538,2,512
1746361371482741,2,512
1746361371482823,2,512
1746361371482895,2,512
1746361371482969,2,512
1746361371483040,2,512
1746361371483110,2,512
1746361371483180,2,512
1746361371483250,2,512
1746361371483320,2,512
1746361371483389,2,512
1746361371483460,2,512
1746361371483528,2,512
1746361371483599,2,512
1746361371483670,2,512
1746361371483741,2,512
1746361371483811,2,512
1746361371483881,2,512
1746361371483951,2,512
1746361371484020,2,512
1746361371484090,2,512
1746361371484162,2,512
1746361371484231,2,512
1746361371484300,2,512
1746361371484416,2,512
1746361371998935,2,512
1746361371999589,1,1024
1746361371999989,2,512
1746361372000407,1,1024
1746361372000679,2,512
1746361372000855,1,1024
1746361372000992,2,512
1746361372001125,1,1024
1746361372001243,2,512
1746361372001351,1,1024
1746361372001460,2,512
1746361372001569,1,1024
1746361372001680,2,512
1746361372001787,1,1024
1746361372001933,2,512
1746361372002132,1,1024
1746361372002303,2,512
1746361372002496,3,1024
1746361372002808,1,1024
1746361372003233,2,512
1746361372003629,3,1024
1746361372003917,1,1024
1746361372004218,2,512
1746361372004522,3,1024
1746361372004760,1,1024
1746361372005014,2,512
1746361372005232,3,1024
1746361372005427,1,1024
1746361372005554,2,512
1746361372005656,3,1024
1746361372005762,1,1024
1746361372005878,2,512
1746361372006031,3,1024
1746361372006181,1,1024
1746361372006283,2,512
1746361372006368,3,1024
1746361372006452,1,1024
1746361372006533,2,512
1746361372006621,3,1024
1746361372006704,1,1024
1746361372006791,2,512
1746361372006893,3,1024
1746361372007005,1,1024
1746361372007126,2,512
1746361372007265,3,1024
1746361372007379,1,1024
1746361372007485,2,512
1746361372007585,1,1024
1746361372007680,2,512
1746361372007777,3,1024
1746361372007865,1,1024
1746361372007982,2,512
1746361372008151,2,512
1746361372008313,2,512
1746361372008630,2,512
1746361372008837,2,512
1746361372008959,3,1024
1746361372009065,1,1024
1746361372009168,2,512
1746361372009281,3,1024
1746361372009390,1,1024
1746361372009505,2,512
1746361372009605,3,1024
1746361372009697,1,1024
1746361372009803,2,512
1746361372009897,3,1024
1746361372009981,1,1024
1746361372010070,2,512
1746361372010151,3,1024
1746361372010233,1,1024
1746361372010325,2,512
1746361372010426,3,1024
1746361372010748,1,1024
1746361372010936,2,512
1746361372011056,1,1024
1746361372011153,2,512
1746361372011248,2,512
1746361372011356,2,512
1746361372011443,2,512
1746361372011525,2,512
1746361372011606,2,512
1746361372011685,2,512
1746361372011765,2,512
1746361372011845,2,512
1746361372011930,2,512
1746361372012009,2,512
1746361372012087,2,512
1746361372012165,2,512
1746361372012241,2,512
1746361372012318,2,512
1746361372012393,2,512
1746361372012465,2,512
1746361372012527,2,512
1746361372557111,2,512
1746361372557726,3,1024
1746361372558105,1,1024
1746361372558649,2,512
1746361372558957,3,1024
1746361372559158,1,1024
1746361372559333,2,512
1746361372559527,3,1024
1746361372559750,1,1024
1746361372559901,2,512
1746361372560034,3,1024
1746361372560159,1,1024
1746361372560325,2,512
1746361372560586,3,1024
1746361372560802,1,1024
1746361372561071,2,512
1746361372561698,3,1024
1746361372562121,1,1024
1746361372562405,2,512
1746361372562641,3,1024
1746361372562839,1,1024
1746361372563036,2,512
1746361372563207,3,1024
1746361372563396,1,1024
1746361372563558,2,512
1746361372563671,3,1024
1746361372563770,1,1024
1746361372563872,2,512
1746361372564008,3,1024
1746361372564121,1,1024
1746361372564221,2,512
1746361372564318,3,1024
1746361372564422,1,1024
1746361372564534,2,512
1746361372564639,3,1024
1746361372564739,1,1024
1746361372564834,2,512
1746361372564933,3,1024
1746361372565042,1,1024
1746361372565172,2,512
1746361372565535,3,1024
1746361372565789,1,1024
1746361372566022,2,512
1746361372566297,3,1024
1746361372566498,1,1024
1746361372566640,2,512
1746361372566753,3,1024
1746361372566877,1,1024
1746361372567066,2,512
1746361372567269,3,1024
1746361372567757,1,1024
1746361372567936,2,512
1746361372568050,3,1024
1746361372568158,1,1024
1746361372568262,2,512
1746361372568363,3,1024
1746361372568458,1,1024
1746361372568598,2,512
1746361372568757,3,1024
1746361372568969,1,1024
1746361372569269,2,512
1746361372569563,3,1024
1746361372569961,1,1024
1746361372570393,2,512
1746361372570626,3,1024
1746361372570783,1,1024
1746361372570910,2,512
1746361372571042,3,1024
1746361372571148,1,1024
1746361372571278,2,512
1746361372571395,3,1024
1746361372571512,1,1024
1746361372571629,2,512
1746361372571737,3,1024
1746361372571893,1,1024
1746361372572021,2,512
1746361372572271,3,1024
1746361372572497,1,1024
1746361372572629,2,512
1746361372572732,3,1024
1746361372572826,1,1024
1746361372572911,2,512
1746361372572996,3,1024
1746361372573082,1,1024
1746361372573164,2,512
1746361372573246,2,512
1746361372573631,2,512
1746361372574486,2,512
1746361372574813,2,512
1746361372574917,2,512
1746361372575003,2,512
1746361372575083,2,512
1746361372575161,2,512
1746361372575237,2,512
1746361372575312,2,512
1746361372575386,2,512
1746361372575461,2,512
1746361372575537,2,512
1746361372575611,2,512
1746361372575687,2,512
1746361372575764,2,512
1746361372575837,2,512
1746361372575913,2,512
1746361372575986,2,512
1746361372576058,2,512
1746361372576125,2,512
1746361372576189,2,512
1746361372576253,2,512
1746361372613912,3,1024
1746361372614416,2,512
1746361372950528,2,512
1746361372951104,1,1024
1746361372951439,2,512
1746361372951678,3,1024
1746361373053362,1,1024
1746361373054129,2,512
1746361373054566,3,1024
1746361373054820,1,1024
1746361373055006,2,512
1746361373055282,3,1024
1746361373055538,1,1024
1746361373055695,2,512
1746361373055834,3,1024
1746361373055960,1,1024
1746361373056079,2,512
1746361373056203,3,1024
1746361373056363,1,1024
1746361373056587,2,512
1746361373056826,3,1024
1746361373057049,1,1024
1746361373057306,2,512
1746361373057559,3,1024
1746361373057955,1,1024
1746361373058555,2,512
1746361373058735,3,1024
1746361373058862,1,1024
1746361373058968,2,512
1746361373059064,3,1024
1746361373059152,1,1024
1746361373059237,2,512
1746361373059321,3,1024
1746361373059405,1,1024
1746361373059486,2,512
1746361373059569,3,1024
1746361373059651,1,1024
1746361373059733,2,512
1746361373059814,3,1024
1746361373059894,1,1024
1746361373059973,2,512
1746361373060052,3,1024
1746361373060132,1,1024
1746361373060211,2,512
1746361373060288,3,1024
1746361373060361,1,1024
1746361373060433,2,512
1746361373060506,3,1024
1746361373060579,1,1024
1746361373060653,2,512
1746361373060727,3,1024
1746361373060801,1,1024
1746361373060874,2,512
1746361373060971,3,1024
1746361373061162,1,1024
1746361373061288,2,512
1746361373061388,3,1024
1746361373061478,1,1024
1746361373061562,2,512
1746361373061643,3,1024
1746361373061724,1,1024
1746361373061808,2,512
1746361373061891,3,1024
1746361373061967,1,1024
1746361373062042,2,512
1746361373062117,3,1024
1746361373062191,1,1024
1746361373062264,2,512
1746361373062331,3,1024
1746361373062395,1,1024
1746361373062515,2,512
1746361373062586,3,1024
1746361373062649,1,1024
1746361373062712,2,512
1746361373062774,3,1024
1746361373062835,1,1024
1746361373062896,2,512
1746361373062960,2,512
1746361373063022,2,512
1746361373063083,2,512
1746361373063144,2,512
1746361373063204,2,512
1746361373063283,2,512
1746361373063348,2,512
1746361373063409,2,512
1746361373063471,2,512
1746361373063532,2,512
1746361373063594,2,512
1746361373063654,2,512
1746361373063717,2,512
1746361373063777,2,512
1746361373063838,2,512
1746361373063898,2,512
1746361373063959,2,512
1746361373064019,2,512
1746361373064079,2,512
1746361374157300,2,512
1746361374158010,3,1024
1746361374158563,1,1024
1746361374158966,2,512
1746361374159189,3,1024
1746361374159361,1,1024
1746361374159541,2,512
1746361374159715,3,1024
1746361374159929,1,1024
1746361374160154,2,512
1746361374160345,3,1024
1746361374160515,1,1024
1746361374160681,2,512
1746361374161011,3,1024
1746361374161213,1,1024
1746361374161400,2,512
1746361374161726,3,1024
1746361374162000,1,1024
1746361374162207,2,512
1746361374162380,3,1024
1746361374162616,1,1024
1746361374162939,2,512
1746361374163241,3,1024
1746361374163427,1,1024
1746361374163669,2,512
1746361374163890,3,1024
1746361374164072,1,1024
1746361374164227,2,512
1746361374164371,3,1024
1746361374164502,1,1024
1746361374164633,2,512
1746361374164762,3,1024
1746361374164899,1,1024
1746361374165037,2,512
1746361374165244,3,1024
1746361374165487,1,1024
1746361374165700,2,512
1746361374165899,3,1024
1746361374166086,1,1024
1746361374166285,2,512
1746361374166483,3,1024
1746361374166703,1,1024
1746361374167020,2,512
1746361374167245,3,1024
1746361374167410,2,512
1746361374167598,1,1024
1746361374167810,2,512
1746361374167995,2,512
1746361374168137,3,1024
1746361374168253,1,1024
1746361374168371,2,512
1746361374168491,3,1024
1746361374168725,1,1024
1746361374169009,2,512
1746361374169276,2,512
1746361374169500,2,512
1746361374169701,3,1024
1746361374169961,1,1024
1746361374170266,2,512
1746361374170544,2,512
1746361374170822,2,512
1746361374171096,3,1024
1746361374171365,1,1024
1746361374171565,2,512
1746361374171749,3,1024
1746361374172050,1,1024
1746361374172239,2,512
1746361374172440,3,1024
1746361374172670,2,512
1746361374172889,2,512
1746361374173162,2,512
1746361374173425,2,512
1746361374173780,2,512
1746361374174088,1,1024
1746361374174519,2,512
1746361374174934,3,1024
1746361374175174,1,1024
1746361374175365,2,512
1746361374175466,3,1024
1746361374175549,1,1024
1746361374175629,2,512
1746361374175705,3,1024
1746361374175778,1,1024
1746361374175850,2,512
1746361374175920,3,1024
1746361374175991,1,1024
1746361374176061,2,512
1746361374176133,3,1024
1746361374176204,1,1024
1746361374176275,2,512
1746361374176343,3,1024
1746361374176412,1,1024
1746361374176480,2,512
1746361374176555,3,1024
1746361374176625,1,1024
1746361374176691,2,512
1746361374176749,2,512
1746361374176807,3,1024
1746361374176865,1,1024
1746361374176944,2,512
1746361374177002,2,512
1746361374177060,3,1024
1746361374177235,1,1024
1746361374177299,2,512
1746361374177356,2,512
1746361374177411,1,1024
1746361374177467,2,512
1746361374177523,3,1024
1746361374177580,1,1024
1746361374177636,2,512
1746361374177692,3,1024
1746361374177748,1,1024
1746361374177804,2,512
1746361374177859,3,1024
1746361374177914,1,1024
1746361374177970,2,512
1746361374178026,3,1024
1746361374178084,1,1024
1746361374178141,2,512
1746361374178198,3,1024
1746361374178255,1,1024
1746361374178311,2,512
1746361374178369,3,1024
1746361374178426,1,1024
1746361374178488,2,512
1746361374178543,3,1024
1746361374178599,1,1024
1746361374178655,2,512
1746361374178712,3,1024
1746361374178768,1,1024
1746361374178823,2,512
1746361374178878,3,1024
1746361374178935,1,1024
1746361374178990,2,512
1746361374179046,3,1024
1746361374179104,2,512
1746361374179158,2,512
1746361374179214,2,512
1746361374179269,1,1024
1746361374179324,2,512
1746361374179380,3,1024
1746361374179435,1,1024
1746361374179491,2,512
1746361374179546,3,1024
1746361374179599,1,1024
1746361374179657,2,512
1746361374179712,3,1024
1746361374179767,2,512
1746361374179824,1,1024
1746361374179880,2,512
1746361374179936,2,512
1746361374179991,2,512
1746361374180054,3,1024
1746361374180111,1,1024
1746361374180167,2,512
1746361374180224,3,1024
1746361374180279,1,1024
1746361374180335,2,512
1746361374180392,3,1024
1746361374180446,1,1024
1746361374180503,2,512
1746361374180558,3,1024
1746361374180615,1,1024
1746361374180672,2,512
1746361374180728,3,1024
1746361374180783,1,1024
1746361374180837,2,512
1746361374180893,3,1024
1746361374180949,1,1024
1746361374181004,2,512
1746361374181060,3,1024
1746361374181115,1,1024
1746361374181172,2,512
1746361374181230,3,1024
1746361374181286,1,1024
1746361374181348,2,512
1746361374181410,3,1024
1746361374181466,1,1024
1746361374181522,2,512
1746361374181684,3,1024
1746361374181887,1,1024
1746361374181966,2,512
1746361374182035,3,1024
1746361374182100,1,1024
1746361374182166,2,512
1746361374182230,3,1024
1746361374182297,1,1024
1746361374182359,2,512
1746361374182420,3,1024
1746361374182479,2,512
1746361374182542,2,512
1746361374182595,2,512
1746361374182649,2,512
1746361374182703,2,512
1746361374182755,2,512
1746361374182807,2,512
1746361374182859,2,512
1746361374182910,2,512
1746361374182972,2,512
1746361374183083,2,512
1746361374183210,2,512
1746361374183296,2,512
1746361374183368,2,512
1746361374183433,2,512
1746361374183493,2,512
1746361374183552,2,512
1746361374183609,2,512
1746361374183666,2,512
1746361374183724,2,512
1746361374183781,2,512
1746361374183837,2,512
1746361374183892,2,512
1746361374183948,2,512
1746361374184004,2,512
1746361374184059,2,512
1746361374184114,2,512
1746361374663337,2,512
1746361374664062,3,1024
1746361374664609,1,1024
1746361374665447,2,512
1746361374665931,3,1024
1746361374666384,1,1024
1746361374666639,2,512
1746361374666811,3,1024
1746361374666968,1,1024
1746361374667110,2,512
1746361374667254,3,1024
1746361374667386,1,1024
1746361374667521,2,512
1746361374667632,3,1024
1746361374667739,1,1024
1746361374667846,2,512
1746361374667951,3,1024
1746361374668054,1,1024
1746361374668152,2,512
1746361374668249,3,1024
1746361374668353,1,1024
1746361374668520,2,512
1746361374668872,3,1024
1746361374669190,1,1024
1746361374669633,2,512
1746361374670031,3,1024
1746361374670424,1,1024
1746361374670699,2,512
1746361374670920,3,1024
1746361374671117,1,1024
1746361374671349,2,512
1746361374671733,3,1024
1746361374671950,1,1024
1746361374672111,2,512
1746361374672345,3,1024
1746361374672502,1,1024
1746361374672628,2,512
1746361374672745,3,1024
1746361374672852,1,1024
1746361374672944,2,512
1746361374673039,3,1024
1746361374673130,1,1024
1746361374673219,2,512
1746361374673321,3,1024
1746361374673433,1,1024
1746361374673569,2,512
1746361374673714,3,1024
1746361374673848,1,1024
1746361374673961,2,512
1746361374674082,3,1024
1746361374674199,1,1024
1746361374674319,2,512
1746361374674450,3,1024
1746361374674575,1,1024
1746361374674717,2,512
1746361374674961,3,1024
1746361374675234,1,1024
1746361374675577,2,512
1746361374675770,3,1024
1746361374675926,1,1024
1746361374676055,2,512
1746361374676160,3,1024
1746361374676269,1,1024
1746361374676376,2,512
1746361374676474,3,1024
1746361374676567,1,1024
1746361374676677,2,512
1746361374676777,3,1024
1746361374676980,1,1024
1746361374677292,2,512
1746361374677475,3,1024
1746361374677623,1,1024
1746361374677744,2,512
1746361374677848,3,1024
1746361374677946,1,1024
1746361374678039,2,512
1746361374678130,1,1024
1746361374678224,2,512
1746361374678328,2,512
1746361374678442,2,512
1746361374678553,2,512
1746361374678657,2,512
1746361374678797,2,512
1746361374678934,2,512
1746361374679045,2,512
1746361374679142,2,512
1746361374679237,2,512
1746361374679343,2,512
1746361374679422,2,512
1746361374679515,2,512
1746361374679606,2,512
1746361374679685,2,512
1746361374679762,2,512
1746361374679834,2,512
1746361374679916,2,512
1746361374679994,2,512
1746361374680078,2,512
1746361375009414,2,512
1746361375010033,3,1024
1746361375010298,1,1024
1746361375010510,2,512
1746361375010768,1,1024
1746361375011148,2,512
1746361375011456,3,1024
1746361375011709,2,512
1746361375011888,2,512
1746361375012047,3,1024
1746361375012175,1,1024
1746361375012319,2,512
1746361375012549,3,1024
1746361375012798,1,1024
1746361375013038,2,512
1746361375013183,3,1024
1746361375013301,1,1024
1746361375013419,2,512
1746361375013603,3,1024
1746361375013723,1,1024
1746361375013814,2,512
1746361375013900,3,1024
1746361375013983,1,1024
1746361375014061,2,512
1746361375014140,3,1024
1746361375014218,1,1024
1746361375014295,2,512
1746361375014380,3,1024
1746361375014456,1,1024
1746361375014536,2,512
1746361375014629,3,1024
1746361375014764,1,1024
1746361375015060,2,512
1746361375015390,3,1024
1746361375015770,1,1024
1746361375015968,2,512
1746361375016122,3,1024
1746361375016274,1,1024
1746361375016442,2,512
1746361375016742,3,1024
1746361375016952,1,1024
1746361375017082,2,512
1746361375017183,3,1024
1746361375017277,1,1024
1746361375017366,2,512
1746361375017530,3,1024
1746361375017766,1,1024
1746361375017893,2,512
1746361375017994,3,1024
1746361375018086,1,1024
1746361375018170,2,512
1746361375018255,3,1024
1746361375018338,1,1024
1746361375018422,2,512
1746361375018503,2,512
1746361375018584,2,512
1746361375018663,2,512
1746361375018741,2,512
1746361375018819,2,512
1746361375018896,2,512
1746361375018976,2,512
1746361375019052,2,512
1746361375019131,2,512
1746361375019207,2,512
1746361375019284,2,512
1746361375019360,2,512
1746361376487552,2,512
1746361376488441,3,1024
1746361376489158,1,1024
1746361376489611,2,512
1746361376489970,3,1024
1746361376490305,1,1024
1746361376490577,2,512
1746361376490945,3,1024
1746361376491207,1,1024
1746361376491390,2,512
1746361376491679,3,1024
1746361376491871,1,1024
1746361376492036,2,512
1746361376492184,3,1024
1746361376492309,1,1024
1746361376492446,2,512
1746361376492639,3,1024
1746361376492814,1,1024
1746361376492963,2,512
1746361376493094,3,1024
1746361376493207,1,1024
1746361376493316,2,512
1746361376493431,3,1024
1746361376493602,1,1024
1746361376493840,2,512
1746361376494074,3,1024
1746361376494287,1,1024
1746361376494486,2,512
1746361376494670,3,1024
1746361376494880,1,1024
1746361376495111,2,512
1746361376495333,3,1024
1746361376495555,1,1024
1746361376495898,2,512
1746361376496101,3,1024
1746361376496285,1,1024
1746361376496480,2,512
1746361376496674,3,1024
1746361376496855,1,1024
1746361376497053,2,512
1746361376497256,3,1024
1746361376497421,1,1024
1746361376497968,2,512
1746361376498211,3,1024
1746361376498362,1,1024
1746361376498503,2,512
1746361376498732,3,1024
1746361376498964,1,1024
1746361376499181,2,512
1746361376499780,3,1024
1746361376500159,1,1024
1746361376500421,2,512
1746361376500866,3,1024
1746361376501314,1,1024
1746361376501495,2,512
1746361376501593,3,1024
1746361376501680,1,1024
1746361376501809,2,512
1746361376501895,3,1024
1746361376502004,1,1024
1746361376502082,2,512
1746361376502175,3,1024
1746361376502320,1,1024
1746361376502592,2,512
1746361376502759,3,1024
1746361376502841,1,1024
1746361376502918,2,512
1746361376502992,3,1024
1746361376503094,1,1024
1746361376503166,2,512
1746361376503238,3,1024
1746361376503310,1,1024
1746361376503382,2,512
1746361376503454,3,1024
1746361376503528,1,1024
1746361376503600,2,512
1746361376503675,3,1024
1746361376503748,1,1024
1746361376503822,2,512
1746361376503895,3,1024
1746361376503969,1,1024
1746361376504041,2,512
1746361376504113,3,1024
1746361376504185,1,1024
1746361376504257,2,512
1746361376504329,3,1024
1746361376504399,1,1024
1746361376504471,2,512
1746361376504543,3,1024
1746361376504614,1,1024
1746361376504692,2,512
1746361376504753,3,1024
1746361376504815,1,1024
1746361376504876,2,512
1746361376504936,3,1024
1746361376505005,1,1024
1746361376505067,2,512
1746361376505128,3,1024
1746361376505190,1,1024
1746361376505250,2,512
1746361376505311,3,1024
1746361376505375,1,1024
1746361376505435,2,512
1746361376505495,3,1024
1746361376505554,1,1024
1746361376505614,2,512
1746361376505675,3,1024
1746361376505735,1,1024
1746361376505796,2,512
1746361376505855,3,1024
1746361376505915,1,1024
1746361376505975,2,512
1746361376506034,3,1024
1746361376506094,1,1024
1746361376506154,2,512
1746361376506213,3,1024
1746361376506273,1,1024
1746361376506332,2,512
1746361376506393,3,1024
1746361376506453,1,1024
1746361376506513,2,512
1746361376506573,3,1024
1746361376506631,1,1024
1746361376506709,2,512
1746361376506944,3,1024
1746361376507048,1,1024
1746361376507129,2,512
1746361376507230,3,1024
1746361376507331,1,1024
1746361376507413,2,512
1746361376507488,3,1024
1746361376507560,1,1024
1746361376507639,2,512
1746361376507742,3,1024
1746361376507884,1,1024
1746361376507954,2,512
1746361376508023,3,1024
1746361376508089,1,1024
1746361376508154,2,512
1746361376508223,3,1024
1746361376508289,1,1024
1746361376508355,2,512
1746361376508422,3,1024
1746361376508488,1,1024
1746361376508551,2,512
1746361376508609,3,1024
1746361376508666,1,1024
1746361376508724,2,512
1746361376508782,3,1024
1746361376508839,1,1024
1746361376508898,2,512
1746361376508956,3,1024
1746361376509013,1,1024
1746361376509070,2,512
1746361376509131,3,1024
1746361376509189,1,1024
1746361376509247,2,512
1746361376509305,3,1024
1746361376509362,1,1024
1746361376509420,2,512
1746361376509477,3,1024
1746361376509534,1,1024
1746361376509591,2,512
1746361376509648,3,1024
1746361376509706,1,1024
1746361376509763,2,512
1746361376509821,3,1024
1746361376509877,1,1024
1746361376509936,2,512
1746361376510007,3,1024
1746361376510091,1,1024
1746361376510201,2,512
1746361376510340,3,1024
1746361376510432,1,1024
1746361376510519,2,512
1746361376510867,3,1024
1746361376510939,1,1024
1746361376511006,2,512
1746361376511071,3,1024
1746361376511136,1,1024
1746361376511200,2,512
1746361376511263,3,1024
1746361376511324,1,1024
1746361376511385,2,512
1746361376511443,3,1024
1746361376511504,1,1024
1746361376511563,3,1024
1746361376511622,1,1024
1746361376511681,3,1024
1746361376511744,1,1024
1746361376511810,3,1024
1746361376511879,1,1024
1746361376511951,3,1024
1746361376512014,1,1024
1746361376513407,3,1024
1746361376514418,1,1024
1746361376514706,3,1024
1746361376514918,1,1024
1746361376515321,3,1024
1746361376515491,1,1024
1746361376515726,3,1024
1746361376515916,1,1024
1746361376516067,3,1024
1746361376516173,1,1024
1746361376516282,3,1024
1746361376516400,1,1024
1746361376516535,3,1024
1746361376516738,1,1024
1746361376516879,3,1024
1746361376516980,1,1024
1746361376517114,1,1024
1746361376957189,3,1024
1746361376957553,1,1024
1746361376957792,3,1024
1746361376957916,1,1024
1746361376958025,3,1024
1746361376958117,1,1024
1746361376958208,3,1024
1746361376958308,1,1024
1746361376958396,3,1024
1746361376958484,1,1024
1746361376958576,3,1024
1746361376958660,1,1024
1746361376958760,3,1024
1746361376958844,1,1024
1746361376958935,3,1024
1746361376959027,1,1024
1746361376959129,3,1024
1746361376959210,1,1024
1746361376959293,3,1024
1746361376959379,1,1024
1746361376959472,3,1024
1746361376959554,1,1024
1746361376959632,3,1024
1746361376959710,1,1024
1746361376959788,3,1024
1746361376959865,1,1024
1746361376959941,3,1024
1746361376960018,1,1024
1746361376960094,3,1024
1746361376960171,1,1024
1746361376960248,3,1024
1746361376960326,1,1024
1746361376960400,3,1024
1746361376960476,1,1024
1746361376960551,3,1024
1746361376960628,1,1024
1746361376960702,3,1024
1746361376960777,1,1024
1746361376960853,3,1024
1746361376960928,1,1024
1746361376961004,3,1024
1746361376961080,1,1024
1746361376961155,3,1024
1746361376961230,1,1024
1746361376961304,3,1024
1746361376961379,1,1024
1746361376961456,3,1024
1746361377451091,3,1024
1746361377451806,1,1024
1746361377452093,3,1024
1746361377452323,1,1024
1746361377452525,3,1024
1746361377452715,1,1024
1746361377452891,3,1024
1746361377453075,1,1024
1746361377453262,3,1024
1746361377453429,1,1024
1746361377453647,3,1024
1746361377453866,1,1024
1746361377454059,3,1024
1746361377454244,1,1024
1746361377454397,3,1024
1746361377454619,1,1024
1746361377454783,3,1024
1746361377454900,1,1024
1746361377455014,3,1024
1746361377455128,1,1024
1746361377455321,3,1024
1746361377455469,1,1024
1746361377455586,3,1024
1746361377455706,1,1024
1746361377455818,3,1024
1746361377455927,1,1024
1746361377456033,3,1024
1746361377456139,1,1024
1746361377456249,3,1024
1746361377456495,1,1024
1746361377456715,3,1024
1746361377456909,1,1024
1746361377457085,3,1024
1746361377457228,1,1024
1746361377457380,3,1024
1746361377457528,1,1024
1746361377457658,3,1024
1746361377457786,1,1024
1746361377457910,3,1024
1746361377458040,1,1024
1746361377458273,3,1024
1746361377458785,1,1024
1746361377458979,3,1024
1746361377459106,1,1024
1746361377459216,3,1024
1746361377459315,1,1024
1746361377459407,3,1024
1746361377459494,1,1024
1746361377620615,1,1024
